angle,sine,prediction,anomaly score
2017-10-17 16:52:00,59.4,59.4,1.0
2017-10-17 16:52:00,0.6,0.6,1.0
2017-10-17 16:52:00,0.6,0.6,1.0
2017-10-17 16:52:00,0.4,0.6,1.0
2017-10-17 16:52:00,0.5,0.4,0.0
2017-10-17 16:52:00,0.8,0.42999999999999994,0.0
2017-10-17 16:52:00,0.7,0.6599999999999999,0.0
2017-10-17 16:52:00,0.4,0.6719999999999999,0.0
2017-10-17 16:52:00,0.4,0.42099999999999993,0.0
2017-10-17 16:52:00,0.4,0.4146999999999999,0.0
2017-10-17 16:52:00,0.5,0.41028999999999993,0.0
2017-10-17 16:52:00,0.4,0.4372029999999999,0.0
2017-10-17 16:52:00,0.6,0.4260420999999999,0.0
2017-10-17 16:52:00,0.4,0.6503999999999999,0.0
2017-10-17 16:52:00,0.5,0.5,0.0
2017-10-17 16:52:00,0.4,0.4,0.0
2017-10-17 16:52:00,0.4,0.4,0.0
2017-10-17 16:52:00,0.4,0.4,0.0
2017-10-17 16:52:00,0.5,0.5,0.0
2017-10-17 16:52:00,0.3,0.4402668270229,0.0
2017-10-17 16:52:00,0.4,0.39818677891602994,0.0
2017-10-17 16:52:00,0.4,0.4,0.0
2017-10-17 16:52:00,0.5,0.5,0.0
2017-10-17 16:52:00,0.5,0.5,0.0
2017-10-17 16:52:00,0.4,0.4,0.0
2017-10-17 16:52:00,0.4,0.43539525193241707,0.0
2017-10-17 16:52:00,0.4,0.42477667635269195,0.0
2017-10-17 16:52:00,0.4,0.41734367344688433,0.0
2017-10-17 16:52:00,0.4,0.412140571412819,0.0
2017-10-17 16:52:00,0.5,0.4084983999889733,0.0
2017-10-17 16:52:00,0.4,0.43594887999228127,0.0
2017-10-17 16:52:00,0.4,0.42516421599459686,0.0
2017-10-17 16:52:00,0.5,0.4176149511962178,0.0
2017-10-17 16:52:00,0.4,0.4,0.0
2017-10-17 16:52:00,0.4,0.4,0.0
2017-10-17 16:52:00,0.5,0.5,0.0
2017-10-17 16:52:00,0.4,0.4,0.0
2017-10-17 16:52:00,0.4,0.43116354484754826,0.0
2017-10-17 16:52:00,0.4,0.42181448139328376,0.0
2017-10-17 16:52:00,0.3,0.41527013697529863,0.0
2017-10-17 16:52:00,0.4,0.38068909588270905,0.0
2017-10-17 16:52:00,0.4,0.3864823671178963,0.0
2017-10-17 16:52:00,0.5,0.3905376569825274,0.0
2017-10-17 16:52:00,0.4,0.4233763598877691,0.0
2017-10-17 16:52:00,0.4,0.41636345192143837,0.0
2017-10-17 16:52:00,0.4,0.41145441634500685,0.0
2017-10-17 16:52:00,0.4,0.40801809144150475,0.0
2017-10-17 16:52:00,0.5,0.4056126640090533,0.0
2017-10-17 16:52:00,0.4,0.4339288648063373,0.0
2017-10-17 16:52:00,0.4,0.4,0.0
2017-10-17 16:52:00,0.4,0.4,0.0
2017-10-17 16:52:00,0.3,0.3,0.0
2017-10-17 16:52:00,0.4,0.3781463204400015,0.0
2017-10-17 16:52:00,0.4,0.38470242430800106,0.0
2017-10-17 16:52:00,0.4,0.38929169701560074,0.0
2017-10-17 16:52:00,0.4,0.3925041879109205,0.0
2017-10-17 16:52:00,0.3,0.39475293153764435,0.0
2017-10-17 16:52:00,0.4,0.36632705207635097,0.0
2017-10-17 16:52:00,0.4,0.37642893645344566,0.0
2017-10-17 16:52:00,0.4,0.38350025551741196,0.0
2017-10-17 16:52:00,0.4,0.38845017886218836,0.0
2017-10-17 16:52:00,0.4,0.39191512520353183,0.0
2017-10-17 16:52:00,0.5,0.39434058764247226,0.0
2017-10-17 16:52:00,0.4,0.42603841134973053,0.0
2017-10-17 16:52:00,0.4,0.41822688794481133,0.0
2017-10-17 16:52:00,0.4,0.4127588215613679,0.0
2017-10-17 16:52:00,0.4,0.4089311750929575,0.0
2017-10-17 16:52:00,0.4,0.40625182256507025,0.0
2017-10-17 16:52:00,0.5,0.5,0.0
2017-10-17 16:52:00,0.5,0.5,0.0
2017-10-17 16:52:00,0.4,0.4,0.0
2017-10-17 16:52:00,0.3,0.4372010625978733,0.0
2017-10-17 16:52:00,0.5,0.3960407438185113,0.0
2017-10-17 16:52:00,0.5,0.4272285206729579,0.0
2017-10-17 16:52:00,0.4,0.44905996447107055,0.0
2017-10-17 16:52:00,0.5,0.43434197512974937,0.0
2017-10-17 16:52:00,0.3,0.45403938259082455,0.0
2017-10-17 16:52:00,0.4,0.4078275678135772,0.0
2017-10-17 16:52:00,0.3,0.405479297469504,0.0
2017-10-17 16:52:00,0.4,0.37383550822865275,0.0
2017-10-17 16:52:00,0.5,0.3816848557600569,0.0
2017-10-17 16:52:00,0.3,0.4171793990320398,0.0
2017-10-17 16:52:00,0.5,0.38202557932242787,0.0
2017-10-17 16:52:00,0.5,0.41741790552569946,0.0
2017-10-17 16:52:00,0.4,0.4421925338679896,0.0
2017-10-17 16:52:00,0.4,0.4295347737075927,0.0
2017-10-17 16:52:00,0.4,0.42067434159531486,0.0
2017-10-17 16:52:00,0.4,0.41447203911672037,0.0
2017-10-17 16:52:00,0.4,0.41013042738170424,0.0
2017-10-17 16:52:00,0.4,0.40709129916719294,0.0
2017-10-17 16:52:00,0.5,0.40496390941703503,0.0
2017-10-17 16:52:00,0.4,0.4,0.0
2017-10-17 16:52:00,0.4,0.4,0.0
2017-10-17 16:52:00,0.4,0.4,0.0
2017-10-17 16:52:00,0.4,0.41148183465103005,0.0
2017-10-17 16:52:00,0.3,0.408037284255721,0.0
2017-10-17 16:52:00,0.3,0.3756260989790047,0.0
2017-10-17 16:52:00,0.4,0.35293826928530325,0.0
2017-10-17 16:52:00,0.4,0.36705678849971224,0.0
2017-10-17 16:52:00,0.4,0.37693975194979856,0.0
2017-10-17 16:52:00,0.4,0.383857826364859,0.0
2017-10-17 16:52:00,0.4,0.3887004784554013,0.0
2017-10-17 16:52:00,0.5,0.39209033491878087,0.0
2017-10-17 16:52:00,0.4,0.4244632344431466,0.0
2017-10-17 16:52:00,0.4,0.4171242641102026,0.0
2017-10-17 16:52:00,0.4,0.4119869848771418,0.0
2017-10-17 16:52:00,0.4,0.40839088941399926,0.0
2017-10-17 16:52:00,0.4,0.4058736225897995,0.0
2017-10-17 16:52:00,0.4,0.40411153581285963,0.0
2017-10-17 16:52:00,0.4,0.4028780750690017,0.0
2017-10-17 16:52:00,0.5,0.40201465254830115,0.0
2017-10-17 16:52:00,0.3,0.43141025678381073,0.0
2017-10-17 16:52:00,0.5,0.3919871797486675,0.0
2017-10-17 16:52:00,0.4,0.4243910258240672,0.0
2017-10-17 16:52:00,0.3,0.417073718076847,0.0
2017-10-17 16:52:00,0.4,0.3819516026537929,0.0
2017-10-17 16:52:00,0.4,0.387366121857655,0.0
2017-10-17 16:52:00,0.4,0.3911562853003585,0.0
2017-10-17 16:52:00,0.3,0.3,0.0
2017-10-17 16:52:00,0.4,0.4,0.0
2017-10-17 16:52:00,0.3,0.3,0.0
2017-10-17 16:52:00,0.4,0.353176624100616,0.0
2017-10-17 16:52:00,0.5,0.3672236368704312,0.0
2017-10-17 16:52:00,0.5,0.40705654580930184,0.0
2017-10-17 16:52:00,0.4,0.4349395820665113,0.0
2017-10-17 16:52:00,0.3,0.42445770744655786,0.0
2017-10-17 16:52:00,0.3,0.38712039521259045,0.0
2017-10-17 16:52:00,0.3,0.3609842766488133,0.0
2017-10-17 16:52:00,0.4,0.34268899365416927,0.0
2017-10-17 16:52:00,0.3,0.3598822955579185,0.0
2017-10-17 16:52:00,0.4,0.34191760689054296,0.0
2017-10-17 16:52:00,0.4,0.35934232482338,0.0
2017-10-17 16:52:00,0.4,0.371539627376366,0.0
2017-10-17 16:52:00,0.3,0.38007773916345616,0.0
2017-10-17 16:52:00,0.3,0.35605441741441934,0.0
2017-10-17 16:52:00,0.4,0.3392380921900935,0.0
2017-10-17 16:52:00,0.4,0.3574666645330654,0.0
2017-10-17 16:52:00,0.4,0.3702266651731458,0.0
2017-10-17 16:52:00,0.5,0.37915866562120204,0.0
2017-10-17 16:52:00,0.4,0.41541106593484145,0.0
2017-10-17 16:52:00,0.4,0.410787746154389,0.0
2017-10-17 16:52:00,0.4,0.4075514223080723,0.0
2017-10-17 16:52:00,0.6,0.4052859956156506,0.0
2017-10-17 16:53:00,0.4,0.4,0.0
2017-10-17 16:53:00,0.3,0.3,0.0
2017-10-17 16:53:00,0.5,0.5,0.0
2017-10-17 16:53:00,0.4,0.41081309649616804,0.0
2017-10-17 16:53:00,0.4,0.4075691675473176,0.0
2017-10-17 16:53:00,0.4,0.40529841728312227,0.0
2017-10-17 16:53:00,0.4,0.40370889209818556,0.0
2017-10-17 16:53:00,0.6,0.4025962244687299,0.0
2017-10-17 16:53:00,0.4,0.4025962244687299,0.0
2017-10-17 16:53:00,0.4,0.4018173571281109,0.0
2017-10-17 16:53:00,0.4,0.4012721499896776,0.0
2017-10-17 16:53:00,0.4,0.4008905049927743,0.0
2017-10-17 16:53:00,0.4,0.4,0.0
2017-10-17 16:53:00,0.4,0.4004363474464594,0.0
2017-10-17 16:53:00,0.4,0.40030544321252154,0.0
2017-10-17 16:53:00,0.4,0.40021381024876507,0.0
2017-10-17 16:53:00,0.2,0.4001496671741355,0.0
2017-10-17 16:53:00,0.4,0.34010476702189485,0.0
2017-10-17 16:53:00,0.5,0.3580733369153264,0.0
2017-10-17 16:53:00,0.4,0.40065133584072843,0.0
2017-10-17 16:53:00,0.4,0.40045593508850985,0.0
2017-10-17 16:53:00,0.4,0.4003191545619569,0.0
2017-10-17 16:53:00,0.4,0.40022340819336977,0.0
2017-10-17 16:53:00,0.3,0.40015638573535883,0.0
2017-10-17 16:53:00,0.4,0.37010947001475114,0.0
2017-10-17 16:53:00,0.3,0.3790766290103258,0.0
2017-10-17 16:53:00,0.4,0.35535364030722805,0.0
2017-10-17 16:53:00,0.4,0.3687475482150596,0.0
2017-10-17 16:53:00,0.4,0.3781232837505417,0.0
2017-10-17 16:53:00,0.5,0.3846862986253792,0.0
2017-10-17 16:53:00,0.4,0.4192804090377654,0.0
2017-10-17 16:53:00,0.4,0.4,0.0
2017-10-17 16:53:00,0.3,0.409447400428505,0.0
2017-10-17 16:53:00,0.4,0.4,0.0
2017-10-17 16:53:00,0.4,0.3836292262099674,0.0
2017-10-17 16:53:00,0.6,0.38854045834697715,0.0
2017-10-17 16:53:00,0.8,0.38854045834697715,0.0
2017-10-17 16:53:00,1.2,0.38854045834697715,0.0
2017-10-17 16:53:00,0.8,0.38854045834697715,0.0
2017-10-17 16:53:00,0.5,0.38854045834697715,0.0
2017-10-17 16:53:00,0.4,0.421978320842884,0.0
2017-10-17 16:53:00,0.3,0.4153848245900188,0.0
2017-10-17 16:53:00,0.4,0.3807693772130132,0.0
2017-10-17 16:53:00,0.3,0.3865385640491092,0.0
2017-10-17 16:53:00,0.4,0.36057699483437644,0.0
2017-10-17 16:53:00,0.4,0.3724038963840635,0.0
2017-10-17 16:53:00,0.4,0.38068272746884446,0.0
2017-10-17 16:53:00,0.6,0.3864779092281911,0.0
2017-10-17 16:53:00,0.3,0.3864779092281911,0.0
2017-10-17 16:53:00,0.5,0.36053453645973377,0.0
2017-10-17 16:53:00,0.4,0.40237417552181365,0.0
2017-10-17 16:53:00,0.5,0.4016619228652695,0.0
2017-10-17 16:53:00,0.3,0.4311633460056886,0.0
2017-10-17 16:53:00,0.5,0.39181434220398204,0.0
2017-10-17 16:53:00,0.4,0.6773295095999998,0.0
2017-10-17 16:53:00,0.5,0.41698902767995116,0.0
2017-10-17 16:53:00,0.4,0.44189231937596574,0.0
2017-10-17 16:53:00,0.5,0.42932462356317597,0.0
2017-10-17 16:53:00,0.4,0.4505272364942231,0.0
2017-10-17 16:53:00,0.5,0.43536906554595617,0.0
2017-10-17 16:53:00,0.4,0.45475834588216935,0.0
2017-10-17 16:53:00,0.6,0.4383308421175185,0.0
2017-10-17 16:53:00,0.4,0.4383308421175185,0.0
2017-10-17 16:53:00,0.3,0.4268315894822629,0.0
2017-10-17 16:53:00,0.4,0.388782112637584,0.0
2017-10-17 16:53:00,0.3,0.3921474788463088,0.0
2017-10-17 16:53:00,0.5,0.3645032351924161,0.0
2017-10-17 16:53:00,0.5,0.40515226463469123,0.0
2017-10-17 16:53:00,0.3,0.3,0.0
2017-10-17 16:53:00,0.4,0.4,0.0
2017-10-17 16:53:00,0.7,0.7,0.0
2017-10-17 16:53:00,0.5,0.39546722676969903,0.0
2017-10-17 16:53:00,0.3,0.42682705873878934,0.0
2017-10-17 16:53:00,0.5,0.3887789411171525,0.0
2017-10-17 16:53:00,0.4,0.4221452587820067,0.0
2017-10-17 16:53:00,0.4,0.41550168114740466,0.0
2017-10-17 16:53:00,0.4,0.4108511768031832,0.0
2017-10-17 16:53:00,0.5,0.40759582376222825,0.0
2017-10-17 16:53:00,0.4,0.4353170766335598,0.0
2017-10-17 16:53:00,0.5,0.4247219536434918,0.0
2017-10-17 16:53:00,0.4,0.6678914597039999,0.0
2017-10-17 16:53:00,0.5,0.43311375728531093,0.0
2017-10-17 16:53:00,0.4,0.4531796300997176,0.0
2017-10-17 16:53:00,0.5,0.43722574106980233,0.0
2017-10-17 16:53:00,0.5,0.45605801874886165,0.0
2017-10-17 16:53:00,0.5,0.4692406131242032,0.0
2017-10-17 16:53:00,0.4,0.4784684291869422,0.0
2017-10-17 16:53:00,0.5,0.4549279004308595,0.0
2017-10-17 16:53:00,0.4,0.46844953030160164,0.0
2017-10-17 16:53:00,0.4,0.4,0.0
2017-10-17 16:53:00,0.5,0.43354026984778476,0.0
2017-10-17 16:53:00,0.5,0.45347818889344926,0.0
2017-10-17 16:53:00,0.5,0.46743473222541443,0.0
2017-10-17 16:53:00,0.5,0.47720431255779006,0.0
2017-10-17 16:53:00,0.5,0.484043018790453,0.0
2017-10-17 16:53:00,0.4,0.48883011315331704,0.0
2017-10-17 16:53:00,0.3,0.4621810792073219,0.0
2017-10-17 16:53:00,0.4,0.4135267554451253,0.0
2017-10-17 16:53:00,0.4,0.4094687288115877,0.0
2017-10-17 16:53:00,0.7,0.40662811016811135,0.0
2017-10-17 16:53:00,0.4,0.40662811016811135,0.0
2017-10-17 16:53:00,0.4,0.4046396771176779,0.0
2017-10-17 16:53:00,0.3,0.4032477739823745,0.0
2017-10-17 16:53:00,0.4,0.3722734417876621,0.0
2017-10-17 16:53:00,0.4,0.3805914092513634,0.0
2017-10-17 16:53:00,0.5,0.3864139864759544,0.0
2017-10-17 16:53:00,0.4,0.42048979053316804,0.0
2017-10-17 16:53:00,0.5,0.4143428533732176,0.0
2017-10-17 16:53:00,0.4,0.4400399973612523,0.0
2017-10-17 16:53:00,0.4,0.4280279981528766,0.0
2017-10-17 16:53:00,0.4,0.4196195987070136,0.0
2017-10-17 16:53:00,0.4,0.41373371909490947,0.0
2017-10-17 16:53:00,0.4,0.4096136033664366,0.0
2017-10-17 16:53:00,0.4,0.4067295223565056,0.0
2017-10-17 16:53:00,0.5,0.4047106656495539,0.0
2017-10-17 16:53:00,0.4,0.43329746595468766,0.0
2017-10-17 16:53:00,0.4,0.42330822616828134,0.0
2017-10-17 16:53:00,0.4,0.41631575831779694,0.0
2017-10-17 16:53:00,0.3,0.41142103082245784,0.0
2017-10-17 16:53:00,0.4,0.37799472157572045,0.0
2017-10-17 16:53:00,0.4,0.3845963051030043,0.0
2017-10-17 16:53:00,0.4,0.389217413572103,0.0
2017-10-17 16:53:00,0.4,0.39245218950047206,0.0
2017-10-17 16:53:00,0.5,0.3947165326503304,0.0
2017-10-17 16:53:00,0.4,0.4263015728552313,0.0
2017-10-17 16:53:00,0.5,0.41841110099866186,0.0
2017-10-17 16:53:00,0.4,0.44288777069906327,0.0
2017-10-17 16:53:00,0.4,0.43002143948934424,0.0
2017-10-17 16:53:00,0.4,0.42101500764254096,0.0
2017-10-17 16:53:00,0.5,0.41471050534977866,0.0
2017-10-17 16:53:00,0.4,0.440297353744845,0.0
2017-10-17 16:53:00,0.4,0.4282081476213915,0.0
2017-10-17 16:53:00,0.4,0.419745703334974,0.0
2017-10-17 16:53:00,0.4,0.4138219923344818,0.0
2017-10-17 16:53:00,0.4,0.4096753946341372,0.0
2017-10-17 16:53:00,0.4,0.406772776243896,0.0
2017-10-17 16:53:00,0.5,0.4047409433707272,0.0
2017-10-17 16:53:00,0.4,0.43331866035950906,0.0
2017-10-17 16:53:00,0.4,0.42332306225165633,0.0
2017-10-17 16:53:00,0.5,0.41632614357615944,0.0
2017-10-17 16:53:00,0.3,0.4414283005033116,0.0
2017-10-17 16:53:00,0.5,0.39899981035231813,0.0
2017-10-17 16:53:00,0.4,0.4292998672466226,0.0
2017-10-17 16:53:00,0.4,0.4205099070726358,0.0
2017-10-17 16:53:00,0.4,0.414356934950845,0.0
2017-10-17 16:53:00,0.5,0.4100498544655915,0.0
2017-10-17 16:53:00,0.4,0.437034898125914,0.0
2017-10-17 16:53:00,0.5,0.4259244286881398,0.0
2017-10-17 16:53:00,0.4,0.4481471000816978,0.0
2017-10-17 16:53:00,0.5,0.43370297005718844,0.0
2017-10-17 16:53:00,0.4,0.45359207904003185,0.0
2017-10-17 16:53:00,0.5,0.43751445532802224,0.0
2017-10-17 16:53:00,0.4,0.4562601187296156,0.0
2017-10-17 16:53:00,0.4,0.4393820831107309,0.0
2017-10-17 16:53:00,0.4,0.42756745817751163,0.0
2017-10-17 16:53:00,0.5,0.4192972207242581,0.0
2017-10-17 16:53:00,0.4,0.4435080545069806,0.0
2017-10-17 16:53:00,0.5,0.4304556381548864,0.0
2017-10-17 16:53:00,0.4,0.45131894670842043,0.0
2017-10-17 16:53:00,0.3,0.43592326269589426,0.0
2017-10-17 16:53:00,0.4,0.3951462838871259,0.0
2017-10-17 16:53:00,0.4,0.3966023987209881,0.0
2017-10-17 16:53:00,0.5,0.39762167910469165,0.0
2017-10-17 16:53:00,0.4,0.42833517537328414,0.0
2017-10-17 16:53:00,0.5,0.41983462276129885,0.0
2017-10-17 16:53:00,0.5,0.44388423593290915,0.0
2017-10-17 16:53:00,0.5,0.46071896515303634,0.0
2017-10-17 16:53:00,0.4,0.47250327560712546,0.0
2017-10-17 16:53:00,0.4,0.4507522929249878,0.0
2017-10-17 16:53:00,0.5,0.43552660504749147,0.0
2017-10-17 16:53:00,0.4,0.454868623533244,0.0
2017-10-17 16:53:00,0.4,0.43840803647327076,0.0
2017-10-17 16:53:00,0.4,0.4268856255312895,0.0
2017-10-17 16:53:00,0.3,0.41881993787190264,0.0
2017-10-17 16:53:00,0.6,0.3831739565103318,0.0
2017-10-17 16:53:00,0.9,0.3831739565103318,0.0
2017-10-17 16:53:00,0.9,0.3831739565103318,0.0
2017-10-17 16:53:00,1.0,0.3831739565103318,0.0
2017-10-17 16:53:00,0.4,0.3831739565103318,0.0
2017-10-17 16:53:00,0.4,0.38822176955723225,0.0
2017-10-17 16:53:00,0.5,0.39175523869006257,0.0
2017-10-17 16:53:00,0.4,0.42422866708304374,0.0
2017-10-17 16:53:00,0.5,0.4169600669581306,0.0
2017-10-17 16:53:00,0.4,0.44187204687069137,0.0
2017-10-17 16:53:00,0.4,0.42931043280948394,0.0
2017-10-17 16:53:00,0.5,0.42051730296663875,0.0
2017-10-17 16:53:00,0.4,0.4443621120766471,0.0
2017-10-17 16:53:00,0.4,0.43105347845365294,0.0
2017-10-17 16:53:00,0.3,0.42173743491755705,0.0
2017-10-17 16:53:00,0.3,0.3852162044422899,0.0
2017-10-17 16:53:00,0.4,0.3596513431096029,0.0
2017-10-17 16:53:00,0.5,0.37175594017672203,0.0
2017-10-17 16:53:00,0.8,0.4102291581237054,0.0
2017-10-17 16:53:00,0.3,0.4102291581237054,0.0
2017-10-17 16:53:00,0.3,0.3771604106865938,0.0
2017-10-17 16:53:00,0.4,0.35401228748061564,0.0
2017-10-17 16:53:00,0.3,0.3678086012364309,0.0
2017-10-17 16:53:00,0.5,0.3474660208655016,0.0
2017-10-17 16:53:00,0.3,0.3932262146058511,0.0
2017-10-17 16:53:00,0.4,0.3652583502240958,0.0
2017-10-17 16:53:00,0.4,0.37568084515686706,0.0
2017-10-17 16:53:00,0.3,0.3829765916098069,0.0
2017-10-17 16:53:00,0.4,0.35808361412686485,0.0
2017-10-17 16:53:00,0.5,0.3706585298888054,0.0
2017-10-17 16:53:00,0.5,0.4094609709221637,0.0
2017-10-17 16:53:00,0.5,0.4366226796455146,0.0
2017-10-17 16:53:00,0.5,0.45563587575186015,0.0
2017-10-17 16:53:00,0.4,0.46894511302630204,0.0
2017-10-17 16:53:00,0.4,0.4482615791184114,0.0
2017-10-17 16:53:00,0.5,0.43378310538288795,0.0
2017-10-17 16:53:00,0.4,0.4536481737680216,0.0
2017-10-17 16:53:00,0.4,0.4375537216376151,0.0
2017-10-17 16:53:00,0.5,0.4262876051463305,0.0
2017-10-17 16:53:00,0.5,0.44840132360243135,0.0
2017-10-17 16:53:00,0.4,0.4638809265217019,0.0
2017-10-17 16:53:00,0.5,0.4447166485651913,0.0
2017-10-17 16:53:00,0.3,0.46130165399563383,0.0
2017-10-17 16:53:00,0.4,0.41291115779694365,0.0
2017-10-17 16:53:00,0.5,0.40903781045786053,0.0
2017-10-17 16:53:00,0.5,0.4363264673205024,0.0
2017-10-17 16:53:00,0.5,0.45542852712435167,0.0
2017-10-17 16:53:00,0.4,0.4687999689870461,0.0
2017-10-17 16:53:00,0.5,0.44815997829093224,0.0
2017-10-17 16:53:00,0.4,0.4637119848036525,0.0
2017-10-17 16:53:00,0.4,0.44459838936255675,0.0
2017-10-17 16:53:00,0.4,0.4312188725537897,0.0
2017-10-17 16:53:00,0.4,0.42185321078765275,0.0
2017-10-17 16:53:00,0.5,0.4152972475513569,0.0
2017-10-17 16:53:00,0.5,0.44070807328594974,0.0
2017-10-17 16:53:00,0.5,0.4584956513001648,0.0
2017-10-17 16:53:00,0.4,0.4709469559101154,0.0
2017-10-17 16:53:00,0.4,0.44966286913708076,0.0
2017-10-17 16:53:00,0.5,0.4347640083959565,0.0
2017-10-17 16:53:00,0.4,0.45433480587716957,0.0
2017-10-17 16:53:00,0.7,0.4380343641140187,0.0
2017-10-17 16:53:00,0.7,0.4380343641140187,0.0
2017-10-17 16:53:00,0.4,0.4380343641140187,0.0
2017-10-17 16:53:00,0.5,0.4266240548798131,0.0
2017-10-17 16:53:00,0.5,0.4486368384158691,0.0
2017-10-17 16:53:00,0.5,0.4640457868911083,0.0
2017-10-17 16:53:00,0.5,0.4748320508237758,0.0
2017-10-17 16:53:00,0.5,0.48238243557664306,0.0
2017-10-17 16:53:00,0.5,0.4876677049036501,0.0
2017-10-17 16:53:00,0.5,0.491367393432555,0.0
2017-10-17 16:53:00,0.5,0.4939571754027885,0.0
2017-10-17 16:53:00,0.5,0.4957700227819519,0.0
2017-10-17 16:53:00,0.5,0.4970390159473663,0.0
2017-10-17 16:53:00,0.5,0.49792731116315636,0.0
2017-10-17 16:53:00,0.5,0.4985491178142094,0.0
2017-10-17 16:53:00,0.6,0.4989843824699466,0.0
2017-10-17 16:53:00,0.5,0.4989843824699466,0.0
2017-10-17 16:53:00,0.5,0.49928906772896253,0.0
2017-10-17 16:53:00,0.6,0.4995023474102738,0.0
2017-10-17 16:53:00,0.5,0.4995023474102738,0.0
2017-10-17 16:53:00,0.5,0.4996516431871916,0.0
2017-10-17 16:53:00,3.3,3.3,0.75
2017-10-17 16:53:00,1.8,0.49975615023103404,1.0
2017-10-17 16:53:00,0.5,0.49975615023103404,0.075
2017-10-17 16:53:00,0.4,0.49982930516172375,0.175
2017-10-17 16:53:00,0.6,1.8,0.15
2017-10-17 16:53:00,0.4,1.8,0.125
2017-10-17 16:53:00,0.6,0.4489163595292446,0.15
2017-10-17 16:53:00,0.5,0.639539604745158,0.125
2017-10-17 16:53:00,0.5,0.46424145167047115,0.125
2017-10-17 16:53:00,0.5,0.47496901616932974,0.125
2017-10-17 16:53:00,0.5,0.4824783113185308,0.0
2017-10-17 16:53:00,0.6,0.4877348179229716,0.15
2017-10-17 16:53:00,0.6,0.6276777233216106,0.15
2017-10-17 16:53:00,0.5,0.6193744063251274,0.125
2017-10-17 16:53:00,0.6,0.4914143725460801,0.15
2017-10-17 16:53:00,0.5,0.6135620844275891,0.125
2017-10-17 16:53:00,0.5,0.6135620844275891,0.125
2017-10-17 16:53:00,0.4,0.49579304254757917,0.125
2017-10-17 16:53:00,0.5,0.4670551297833054,0.125
2017-10-17 16:53:00,0.4,0.4769385908483137,0.125
2017-10-17 16:53:00,0.4,0.4538570135938196,0.125
2017-10-17 16:53:00,37.5,37.5,1.0
2017-10-17 16:53:00,40.1,40.1,1.0
2017-10-17 16:53:00,0.4,0.4,1.0
2017-10-17 16:53:00,0.5,37.5,0.05
2017-10-17 16:53:00,0.4,0.4484729556626801,0.0
2017-10-17 16:53:00,0.5,0.433931068963876,0.0
2017-10-17 16:53:00,0.5,0.4537517482747132,0.0
2017-10-17 16:53:00,0.6,0.46762622379229923,0.025
2017-10-17 16:53:00,0.5,0.6094934590993124,0.0
2017-10-17 16:53:00,0.5,0.6094934590993124,0.0
2017-10-17 16:53:00,0.3,0.48413684965822656,0.0
2017-10-17 16:53:00,0.5,0.42889579476075856,0.0
2017-10-17 16:53:00,0.4,0.450227056332531,0.0
2017-10-17 16:53:00,0.5,0.4351589394327717,0.0
2017-10-17 16:53:00,0.5,0.4546112576029402,0.0
2017-10-17 16:53:00,0.6,0.4682278803220581,0.025
2017-10-17 16:53:00,0.4,0.6066454213695187,0.0
2017-10-17 16:53:00,0.5,0.6066454213695187,0.0
2017-10-17 16:53:00,0.5,0.46343166135780844,0.0
2017-10-17 16:53:00,0.5,0.4744021629504659,0.0
2017-10-17 16:53:00,0.4,0.48208151406532607,0.0
2017-10-17 16:53:00,0.5,0.4574570598457282,0.125
2017-10-17 16:53:00,0.5,0.4702199418920098,0.125
2017-10-17 16:53:00,0.6,0.47915395932440685,0.15
2017-10-17 16:53:00,0.5,0.6046517949586631,0.125
2017-10-17 16:53:00,0.5,0.6046517949586631,0.125
2017-10-17 16:53:00,0.5,0.4897854400689593,0.125
2017-10-17 16:53:00,0.5,0.4928498080482715,0.125
2017-10-17 16:53:00,0.5,0.49499486563379,0.125
2017-10-17 16:53:00,0.5,0.49649640594365296,0.125
2017-10-17 16:53:00,0.5,0.49754748416055705,0.125
2017-10-17 16:53:00,0.4,0.4982832389123899,0.125
2017-10-17 16:53:00,0.5,0.4687982672386729,0.125
2017-10-17 16:53:00,0.6,0.47815878706707104,0.15
2017-10-17 16:53:00,0.6,0.47815878706707104,0.15
2017-10-17 16:53:00,0.4,0.602279379529745,0.0
2017-10-17 16:53:00,0.5,0.602279379529745,0.0
2017-10-17 16:53:00,0.5,0.4682978056628647,0.0
2017-10-17 16:53:00,1.5,0.4778084639640052,0.225
2017-10-17 16:53:00,1.4,1.4,0.425
2017-10-17 16:53:00,0.4,0.4778084639640052,0.075
2017-10-17 16:53:00,0.5,1.26,0.075
2017-10-17 16:53:00,0.5,1.26,0.075
2017-10-17 16:53:00,0.5,0.4776883031396537,0.075
2017-10-17 16:53:00,0.5,0.48438181219775756,0.075
2017-10-17 16:53:00,0.5,0.4890672685384303,0.075
2017-10-17 16:53:00,0.4,0.4923470879769012,0.075
2017-10-17 16:53:00,0.5,0.4646429615838308,0.0
2017-10-17 16:53:00,0.5,0.4752500731086815,0.0
2017-10-17 16:53:00,0.4,0.482675051176077,0.025
2017-10-17 16:53:00,0.6,0.4578725358232539,0.025
2017-10-17 16:53:00,0.5,0.6015955656708214,0.025
2017-10-17 16:53:00,0.4,0.4705107750762777,0.025
2017-10-17 16:53:00,0.7,0.4493575425533944,0.025
2017-10-17 16:53:00,50.1,50.1,1.0
2017-10-17 16:53:00,58.8,0.631116895969575,1.0
2017-10-17 16:53:00,18.3,18.3,1.0
2017-10-17 16:53:00,9.0,9.0,1.0
2017-10-17 16:53:00,8.7,8.7,1.0
2017-10-17 16:53:00,9.0,8.91,1.0
2017-10-17 16:53:00,9.2,8.937,0.0
2017-10-17 16:53:00,8.2,9.2,0.0
2017-10-17 16:53:00,8.1,8.2,0.0
2017-10-17 16:53:00,8.5,8.169999999999998,0.0
2017-10-17 16:53:00,8.1,8.5,0.0
2017-10-17 16:53:00,8.2,8.148999999999997,0.0
2017-10-17 16:53:00,8.3,8.164299999999997,0.0
2017-10-17 16:53:00,8.2,8.44,0.0
2017-10-17 16:53:00,8.6,8.175009999999997,0.0
2017-10-17 16:53:00,8.6,8.488,0.0
2017-10-17 16:53:00,8.0,8.5216,0.0
2017-10-17 16:53:00,8.0,8.0,0.0
2017-10-17 16:53:00,7.9,7.9,0.0
2017-10-17 16:53:00,8.2,8.2,0.0
2017-10-17 16:53:00,8.3,8.3,0.0
2017-10-17 16:53:00,8.5,8.5,0.0
2017-10-17 16:53:00,8.5,8.5,0.0
2017-10-17 16:53:00,8.3,8.4780088,0.0
2017-10-17 16:53:00,8.6,8.6,0.0
2017-10-17 16:53:00,8.2,8.2,0.0
2017-10-17 16:53:00,8.0,8.0,0.0
2017-10-17 16:53:00,8.4,8.4,0.0
2017-10-17 16:53:00,8.1,8.1,0.0
2017-10-17 16:53:00,8.2,8.2,0.0
2017-10-17 16:53:00,8.2,8.121032878230098,0.0
2017-10-17 16:53:00,8.3,8.144723014761068,0.0
2017-10-17 16:53:00,8.4,8.4,0.0
2017-10-17 16:53:00,7.9,8.405487939016,0.0
2017-10-17 16:53:00,8.2,8.071306110332747,0.0
2017-10-17 16:53:00,8.2,8.109914277232923,0.0
2017-10-17 16:53:00,8.4,8.4,0.0
2017-10-17 16:53:00,8.4,8.4,0.0
2017-10-17 16:53:00,8.2,8.2,0.0
2017-10-17 16:53:00,8.1,8.1,0.0
2017-10-17 16:53:00,7.8,8.139100597090891,0.0
2017-10-17 16:53:00,7.8,8.037370417963624,0.0
2017-10-17 16:53:00,7.7,7.966159292574536,0.0
2017-10-17 16:53:00,7.8,7.8,0.0
2017-10-17 16:53:00,7.9,7.916311504802175,0.0
2017-10-17 16:53:00,8.1,7.911418053361522,0.0
2017-10-17 16:53:00,8.1,7.967992637353064,0.0
2017-10-17 16:53:00,8.0,8.007594846147144,0.0
2017-10-17 16:53:00,8.1,8.005316392303001,0.0
2017-10-17 16:53:00,8.1,8.0337214746121,0.0
2017-10-17 16:53:00,7.6,8.05360503222847,0.0
2017-10-17 16:53:00,7.8,8.05360503222847,0.0
2017-10-17 16:53:00,8.4,8.4,0.0
2017-10-17 16:53:00,7.6,7.6,0.0
2017-10-17 16:53:00,8.0,8.0,0.0
2017-10-17 16:53:00,8.0,8.0,0.0
2017-10-17 16:53:00,7.6,7.988986526054363,0.0
2017-10-17 16:53:00,7.8,7.8,0.0
2017-10-17 16:53:00,7.4,7.932290568238054,0.0
2017-10-17 16:53:00,7.7,7.7,0.0
2017-10-17 16:53:00,7.9,7.9,0.0
2017-10-17 16:53:00,7.7,7.922603397766638,0.0
2017-10-17 16:53:00,8.0,7.633364899999998,0.0
2017-10-17 16:53:00,7.7,7.945822378436645,0.0
2017-10-17 16:53:00,7.9,7.653355429999998,0.0
2017-10-17 16:53:00,7.7,7.932075664905652,0.0
2017-10-17 16:53:00,7.8,7.6673488009999975,0.0
2017-10-17 16:53:00,8.1,7.8924529654339555,0.0
2017-10-17 16:53:00,7.8,7.954717075803768,0.0
2017-10-17 16:53:00,8.1,7.9083019530626375,0.0
2017-10-17 16:53:00,8.0,7.9658113671438455,0.0
2017-10-17 16:53:00,7.7,7.7,0.0
2017-10-17 16:53:00,7.7,7.7,0.0
2017-10-17 16:53:00,8.0,8.0,0.0
2017-10-17 16:53:00,7.4,7.983247569900483,0.0
2017-10-17 16:53:00,7.9,7.598800638742999,0.0
2017-10-17 16:53:00,7.8,7.8,0.0
2017-10-17 16:53:00,7.7,7.910791309251236,0.0
2017-10-17 16:53:00,7.6,7.6,0.0
2017-10-17 16:53:00,8.1,7.910791309251236,0.0
2017-10-17 16:53:00,8.0,7.967553916475865,0.0
2017-10-17 16:53:00,7.9,7.620412312984069,0.0
2017-10-17 16:53:00,8.1,8.1,0.0
2017-10-17 16:53:00,7.9,7.9978709933512215,0.0
2017-10-17 16:53:00,7.7,7.968509695345855,0.0
2017-10-17 16:53:00,7.6,7.968509695345855,0.0
2017-10-17 16:53:00,8.0,7.968509695345855,0.0
2017-10-17 16:53:00,8.0,7.977956786742098,0.0
2017-10-17 16:53:00,7.9,7.631002033362192,0.0
2017-10-17 16:53:00,8.2,7.959198825503627,0.0
2017-10-17 16:53:00,8.0,8.031439177852539,0.0
2017-10-17 16:53:00,7.7,8.022007424496776,0.0
2017-10-17 16:53:00,7.8,8.022007424496776,0.0
2017-10-17 16:53:00,7.7,7.955405197147742,0.0
2017-10-17 16:53:00,7.8,7.8,0.0
2017-10-17 16:53:00,7.8,7.8,0.0
2017-10-17 16:53:00,7.7,7.7,0.0
2017-10-17 16:53:00,7.8,7.876148546602393,0.0
2017-10-17 16:53:00,7.8,7.676333697443232,0.0
2017-10-17 16:53:00,7.8,7.837312787835172,0.0
2017-10-17 16:53:00,7.7,7.676333697443232,0.0
2017-10-17 16:53:00,8.2,7.82611895148462,0.0
2017-10-17 16:53:00,7.8,7.9382832660392335,0.0
2017-10-17 16:53:00,7.7,7.7,0.0
2017-10-17 16:53:00,7.8,7.896798286227463,0.0
2017-10-17 16:53:00,7.7,7.867758800359224,0.0
2017-10-17 16:53:00,8.3,7.867758800359224,0.0
2017-10-17 16:53:00,8.2,7.691882458223027,0.0
2017-10-17 16:53:00,7.8,7.967431160251456,0.0
2017-10-17 16:53:00,8.0,7.917201812176018,0.0
2017-10-17 16:53:00,8.1,8.1,0.0
2017-10-17 16:53:00,7.9,7.989428887966248,0.0
2017-10-17 16:53:00,8.1,8.1,0.0
2017-10-17 16:53:00,8.2,8.003820155103462,0.0
2017-10-17 16:53:00,8.0,8.062674108572422,0.0
2017-10-17 16:53:00,8.1,8.043871876000695,0.0
2017-10-17 16:53:00,8.1,8.060710313200486,0.0
2017-10-17 16:53:00,7.8,8.07249721924034,0.0
2017-10-17 16:53:00,8.1,7.990748053468238,0.0
2017-10-17 16:53:00,8.0,8.023523637427765,0.0
2017-10-17 16:53:00,8.0,8.016466546199435,0.0
2017-10-17 16:53:00,7.9,7.9,0.0
2017-10-17 16:53:00,8.2,8.2,0.0
2017-10-17 16:53:00,21.6,8.937,1.0
2017-10-17 16:53:00,7.8,7.8,1.0
2017-10-17 16:53:00,7.6,7.971253617742483,0.0
2017-10-17 16:53:00,7.8,8.37131765415774,0.0
2017-10-17 16:53:00,7.7,7.919877532419737,0.0
2017-10-17 16:53:00,7.8,7.919877532419737,0.0
2017-10-17 16:53:00,7.8,7.883914272693816,0.0
2017-10-17 16:53:00,8.1,8.1,0.0
2017-10-17 16:53:00,7.7,7.931117993619969,0.0
2017-10-17 16:53:00,7.8,7.931117993619969,0.0
2017-10-17 16:53:00,7.5,7.5,0.0
2017-10-17 16:53:00,7.9,7.891782595533978,0.0
2017-10-17 16:53:00,7.9,7.894247816873785,0.0
2017-10-17 16:53:00,7.6,7.895973471811649,0.0
2017-10-17 16:53:00,7.8,7.895973471811649,0.0
2017-10-17 16:53:00,8.0,7.867181430268154,0.0
2017-10-17 16:53:00,7.8,7.907027001187707,0.0
2017-10-17 16:53:00,8.0,7.8749189008313945,0.0
2017-10-17 16:53:00,8.0,7.912443230581976,0.0
2017-10-17 16:53:00,8.3,7.938710261407383,0.0
2017-10-17 16:53:00,8.0,8.0,0.0
2017-10-17 16:53:00,7.8,7.8,0.0
2017-10-17 16:53:00,7.9,7.909968028089617,0.0
2017-10-17 16:53:00,8.2,7.619432684753544,0.0
2017-10-17 16:53:00,8.1,7.9948843337639115,0.0
2017-10-17 16:53:00,7.9,8.026419033634738,0.0
2017-10-17 16:53:00,8.2,7.988493323544317,0.0
2017-10-17 16:53:00,8.1,8.051945326481022,0.0
2017-10-17 16:53:00,8.1,8.066361728536714,0.0
2017-10-17 16:53:00,8.2,8.0764532099757,0.0
2017-10-17 16:53:00,8.0,8.113517246982989,0.0
2017-10-17 16:53:00,8.0,8.079462072888091,0.0
2017-10-17 16:53:00,7.7,8.055623451021663,0.0
2017-10-17 16:53:00,7.7,7.7,0.0
2017-10-17 16:53:00,8.4,8.4,0.0
2017-10-17 16:53:00,8.0,8.0,0.0
2017-10-17 16:53:00,7.9,8.038936415715163,0.0
2017-10-17 16:53:00,7.8,7.997255491000614,0.0
2017-10-17 16:53:00,7.5,7.9380788437004295,0.0
2017-10-17 16:53:00,7.8,7.9380788437004295,0.0
2017-10-17 16:53:00,7.6,7.8966551905903,0.0
2017-10-17 16:53:00,8.0,7.8966551905903,0.0
2017-10-17 16:53:00,8.0,7.927658633413209,0.0
2017-10-17 16:53:00,7.7,7.949361043389246,0.0
2017-10-17 16:53:00,7.7,7.949361043389246,0.0
2017-10-17 16:53:00,7.7,7.7,0.0
2017-10-17 16:53:00,7.7,7.7,0.0
2017-10-17 16:53:00,7.4,7.4,0.0
2017-10-17 16:53:00,7.6,7.949361043389246,0.0
2017-10-17 16:53:00,7.4,7.949361043389246,0.0
2017-10-17 16:53:00,7.4,7.949361043389246,0.0
2017-10-17 16:53:00,7.7,7.49616418793066,0.0
2017-10-17 16:53:00,7.5,7.949361043389246,0.0
2017-10-17 16:53:00,7.5,7.540120452086023,0.0
2017-10-17 16:53:00,7.8,7.949361043389246,0.0
2017-10-17 16:53:00,7.4,7.904552730372472,0.0
2017-10-17 16:53:00,7.8,7.489659021522151,0.0
2017-10-17 16:53:00,7.7,7.489659021522151,0.0
2017-10-17 16:53:00,8.0,7.552761315065505,0.0
2017-10-17 16:53:00,8.0,7.552761315065505,0.0
2017-10-17 16:53:00,7.8,7.552761315065505,0.0
2017-10-17 16:53:00,7.6,7.6,0.0
2017-10-17 16:53:00,7.7,7.7,0.0
2017-10-17 16:53:00,7.6,7.6,0.0
2017-10-17 16:53:00,7.7,7.604797131067468,0.0
2017-10-17 16:53:00,7.6,7.633357991747227,0.0
2017-10-17 16:53:00,8.0,7.623350594223059,0.0
2017-10-17 16:53:00,7.9,7.9275521773937,0.0
2017-10-17 16:53:00,7.7,7.623350594223059,0.0
2017-10-17 16:53:00,7.4,7.91928652417559,0.0
2017-10-17 16:53:00,7.8,7.5724417911692985,0.0
2017-10-17 16:53:00,7.7,7.883500566922912,0.0
2017-10-17 16:53:00,7.7,7.883500566922912,0.0
2017-10-17 16:53:00,7.4,7.883500566922912,0.0
2017-10-17 16:53:00,7.5,7.566247534371069,0.0
2017-10-17 16:53:00,7.7,7.546373274059748,0.0
2017-10-17 16:53:00,7.5,7.592461291841824,0.0
2017-10-17 16:53:00,7.8,7.564722904289276,0.0
2017-10-17 16:53:00,7.7,7.564722904289276,0.0
2017-10-17 16:53:00,7.8,7.858450396846038,0.0
2017-10-17 16:53:00,7.4,7.840915277792226,0.0
2017-10-17 16:53:00,7.8,7.543714223101745,0.0
2017-10-17 16:53:00,7.6,7.543714223101745,0.0
2017-10-17 16:53:00,7.9,7.828640694454558,0.0
2017-10-17 16:53:00,7.8,7.56059995617122,0.0
2017-10-17 16:53:00,7.7,7.56059995617122,0.0
2017-10-17 16:53:00,7.7,7.602419969319854,0.0
2017-10-17 16:53:00,8.0,7.631693978523897,0.0
2017-10-17 16:53:00,7.5,7.631693978523897,0.0
2017-10-17 16:53:00,7.8,7.592185784966728,0.0
2017-10-17 16:53:00,7.7,7.859166630738539,0.0
2017-10-17 16:53:00,7.6,7.624530049476709,0.0
2017-10-17 16:53:00,7.8,7.8,0.0
2017-10-17 16:53:00,7.6,7.6,0.0
2017-10-17 16:53:00,7.4,7.4,0.0
2017-10-17 16:53:00,7.8,7.841416641516977,0.0
2017-10-17 16:53:00,7.5,7.54841380697051,0.0
2017-10-17 16:53:00,7.4,7.828991649061884,0.0
2017-10-17 16:53:00,7.5,7.49372276541555,0.0
2017-10-17 16:53:00,7.9,7.828991649061884,0.0
2017-10-17 16:53:00,7.3,7.8502941543433185,0.025
2017-10-17 16:53:00,7.7,7.495605935790884,0.0
2017-10-17 16:53:00,7.4,7.556924155053618,0.0
2017-10-17 16:53:00,7.5,7.8502941543433185,0.0
2017-10-17 16:53:00,7.7,7.506892835976273,0.0
2017-10-17 16:53:00,7.9,7.8502941543433185,0.0
2017-10-17 16:53:00,7.7,7.564824985183391,0.0
2017-10-17 16:53:00,7.8,7.605377489628372,0.0
2017-10-17 16:53:00,7.6,7.845644135628225,0.0
2017-10-17 16:53:00,7.8,7.8,0.0
2017-10-17 16:53:00,7.5,7.5,0.0
2017-10-17 16:53:00,7.9,7.831950894939757,0.0
2017-10-17 16:53:00,7.8,7.8,0.0
2017-10-17 16:53:00,8.0,8.0,0.0
2017-10-17 16:53:00,7.9,7.9,0.0
2017-10-17 16:53:00,7.9,7.572634969917901,0.0
2017-10-17 16:53:00,8.2,7.572634969917901,0.0
2017-10-17 16:53:00,8.3,7.572634969917901,0.0
2017-10-17 16:53:00,7.8,7.985081090838767,0.0
2017-10-17 16:53:00,8.0,7.9295567635871365,0.0
2017-10-17 16:53:00,7.6,7.950689734510995,0.0
2017-10-17 16:53:00,7.8,7.580844478942531,0.0
2017-10-17 16:53:00,8.0,7.580844478942531,0.0
2017-10-17 16:53:00,7.8,7.580844478942531,0.0
2017-10-17 16:53:00,8.0,7.89368657893727,0.0
2017-10-17 16:53:00,8.0,7.580844478942531,0.0
2017-10-17 16:53:00,7.7,7.947906423679262,0.0
2017-10-17 16:53:00,7.8,7.616591135259771,0.0
2017-10-17 16:53:00,7.9,7.903534496575483,0.0
2017-10-17 16:53:00,8.1,7.616591135259771,0.0
2017-10-17 16:53:00,7.8,7.9617319033219855,0.0
2017-10-17 16:53:00,8.0,7.913212332325389,0.0
2017-10-17 16:53:00,7.5,7.939248632627772,0.0
2017-10-17 16:53:00,7.9,7.939248632627772,0.0
2017-10-17 16:53:00,8.1,7.92747404283944,0.0
2017-10-17 16:53:00,7.5,7.979231829987607,0.0
2017-10-17 16:53:00,7.8,7.979231829987607,0.0
2017-10-17 16:53:00,7.7,7.925462280991325,0.0
2017-10-17 16:53:00,8.0,7.925462280991325,0.0
2017-10-17 16:53:00,7.8,7.599990759394101,0.0
2017-10-17 16:53:00,7.6,7.903476517685749,0.0
2017-10-17 16:53:00,8.2,7.903476517685749,0.0
2017-10-17 16:53:00,7.8,7.992433562380024,0.0
2017-10-17 16:53:00,7.9,7.934703493666016,0.0
2017-10-17 16:53:00,7.8,7.924292445566211,0.0
2017-10-17 16:54:00,7.9,7.599993531575871,0.0
2017-10-17 16:54:00,7.8,7.8909032983274425,0.0
2017-10-17 16:54:00,7.8,7.863632308829209,0.0
2017-10-17 16:54:00,7.6,7.844542616180446,0.0
2017-10-17 16:54:00,7.9,7.844542616180446,0.0
2017-10-17 16:54:00,8.0,7.861179831326312,0.0
2017-10-17 16:54:00,8.4,7.902825881928418,0.0
2017-10-17 16:54:00,7.6,7.902825881928418,0.0
2017-10-17 16:54:00,8.0,7.902825881928418,0.0
2017-10-17 16:54:00,7.8,7.8,0.0
2017-10-17 16:54:00,7.7,7.7,0.0
2017-10-17 16:54:00,8.3,8.3,0.0
2017-10-17 16:54:00,8.3,7.892384682144924,0.0
2017-10-17 16:54:00,7.8,7.629997781330523,0.0
2017-10-17 16:54:00,8.0,7.864669277501447,0.0
2017-10-17 16:54:00,7.9,7.905268494251013,0.0
2017-10-17 16:54:00,7.9,7.629997781330523,0.0
2017-10-17 16:54:00,8.2,7.902581562182996,0.0
2017-10-17 16:54:00,8.1,7.991807093528097,0.0
2017-10-17 16:54:00,8.2,8.024264965469667,0.0
2017-10-17 16:54:00,7.8,8.076985475828767,0.0
2017-10-17 16:54:00,8.0,7.993889833080137,0.0
2017-10-17 16:54:00,8.2,7.995722883156095,0.0
2017-10-17 16:54:00,8.0,8.057006018209265,0.0
2017-10-17 16:54:00,7.9,7.629997781330523,0.0
2017-10-17 16:54:00,7.8,7.997932948922539,0.0
2017-10-17 16:54:00,8.3,7.938553064245777,0.0
2017-10-17 16:54:00,7.9,7.938553064245777,0.0
2017-10-17 16:54:00,7.8,7.629997781330523,0.0
2017-10-17 16:54:00,7.7,7.88889100148043,0.0
2017-10-17 16:54:00,8.0,7.88889100148043,0.0
2017-10-17 16:54:00,8.1,7.650998446931366,0.0
2017-10-17 16:54:00,8.0,8.0,0.0
2017-10-17 16:54:00,8.0,8.0,0.0
2017-10-17 16:54:00,8.0,7.98802272945545,0.0
2017-10-17 16:54:00,8.1,7.991615910618814,0.0
2017-10-17 16:54:00,7.9,8.02413113743317,0.0
2017-10-17 16:54:00,7.9,7.986891796203218,0.0
2017-10-17 16:54:00,8.0,7.960824257342252,0.0
2017-10-17 16:54:00,8.2,7.972576980139577,0.0
2017-10-17 16:54:00,7.8,8.040803886097702,0.0
2017-10-17 16:54:00,7.8,7.968562720268391,0.0
2017-10-17 16:54:00,7.9,7.917993904187873,0.0
2017-10-17 16:54:00,8.2,7.912595732931511,0.0
2017-10-17 16:54:00,7.8,7.998817013052056,0.0
2017-10-17 16:54:00,7.5,7.939171909136439,0.0
2017-10-17 16:54:00,7.8,7.939171909136439,0.0
2017-10-17 16:54:00,8.0,7.8974203363955064,0.0
2017-10-17 16:54:00,7.7,7.9281942354768535,0.0
2017-10-17 16:54:00,8.0,7.9281942354768535,0.0
2017-10-17 16:54:00,7.9,7.633989238996369,0.0
2017-10-17 16:54:00,8.0,7.934815175383658,0.0
2017-10-17 16:54:00,8.2,7.954370622768561,0.0
2017-10-17 16:54:00,8.0,8.028059435937992,0.0
2017-10-17 16:54:00,7.7,8.019641605156593,0.0
2017-10-17 16:54:00,8.0,8.019641605156593,0.0
2017-10-17 16:54:00,8.3,8.013749123609616,0.0
2017-10-17 16:54:00,8.2,8.013749123609616,0.0
2017-10-17 16:54:00,8.2,8.06962438652673,0.0
2017-10-17 16:54:00,8.3,8.10873707056871,0.0
2017-10-17 16:54:00,7.7,8.10873707056871,0.0
2017-10-17 16:54:00,8.2,8.10873707056871,0.0
2017-10-17 16:54:00,8.2,8.136115949398096,0.0
2017-10-17 16:54:00,8.1,8.155281164578666,0.0
2017-10-17 16:54:00,8.0,8.138696815205066,0.0
2017-10-17 16:54:00,7.7,8.097087770643546,0.0
2017-10-17 16:54:00,7.8,7.677358308975755,0.0
2017-10-17 16:54:00,7.7,8.007961439450481,0.0
2017-10-17 16:54:00,8.0,8.007961439450481,0.0
2017-10-17 16:54:00,8.1,7.684150816283028,0.0
2017-10-17 16:54:00,7.8,8.033901105330735,0.0
2017-10-17 16:54:00,7.8,7.9637307737315135,0.0
2017-10-17 16:54:00,8.1,7.914611541612059,0.0
2017-10-17 16:54:00,7.8,7.97022807912844,0.0
2017-10-17 16:54:00,7.9,7.919159655389908,0.0
2017-10-17 16:54:00,7.5,7.684150816283028,0.0
2017-10-17 16:54:00,8.1,7.913411758772935,0.0
2017-10-17 16:54:00,8.0,8.310390653588044,0.0
2017-10-17 16:54:00,8.1,7.978571761798738,0.0
2017-10-17 16:54:00,7.8,8.015000233259116,0.0
2017-10-17 16:54:00,7.7,7.95050016328138,0.0
2017-10-17 16:54:00,8.0,7.650233899978684,0.0
2017-10-17 16:54:00,8.0,7.965350114296966,0.0
2017-10-17 16:54:00,7.7,7.975745080007876,0.0
2017-10-17 16:54:00,8.5,7.975745080007876,0.0
2017-10-17 16:54:00,8.2,7.975745080007876,0.0
2017-10-17 16:54:00,8.9,7.665163729985078,0.0
2017-10-17 16:54:00,8.7,8.043021556005511,0.0
2017-10-17 16:54:00,8.5,7.665163729985078,0.0
2017-10-17 16:54:00,8.1,8.043021556005511,0.0
2017-10-17 16:54:00,7.8,8.060115089203858,0.0
2017-10-17 16:54:00,7.9,7.9820805624427,0.0
2017-10-17 16:54:00,8.0,7.95745639370989,0.0
2017-10-17 16:54:00,7.9,7.970219475596922,0.0
2017-10-17 16:54:00,7.9,7.949153632917845,0.0
2017-10-17 16:54:00,7.6,7.934407543042491,0.0
2017-10-17 16:54:00,7.7,7.934407543042491,0.0
2017-10-17 16:54:00,7.8,7.934407543042491,0.0
2017-10-17 16:54:00,7.9,7.894085280129743,0.0
2017-10-17 16:54:00,8.1,7.89585969609082,0.0
2017-10-17 16:54:00,7.6,7.957101787263573,0.0
2017-10-17 16:54:00,7.9,7.643351159384881,0.0
2017-10-17 16:54:00,7.8,7.939971251084501,0.0
2017-10-17 16:54:00,7.7,7.89797987575915,0.0
2017-10-17 16:54:00,8.1,7.660345811569417,0.0
2017-10-17 16:54:00,7.5,7.9585859130314045,0.0
2017-10-17 16:54:00,7.7,7.9585859130314045,0.0
2017-10-17 16:54:00,7.7,7.9585859130314045,0.0
2017-10-17 16:54:00,8.1,7.656998613368309,0.0
2017-10-17 16:54:00,7.9,8.001010139121982,0.0
2017-10-17 16:54:00,8.1,7.970707097385388,0.0
2017-10-17 16:54:00,8.1,8.009494968169772,0.0
2017-10-17 16:54:00,8.2,8.03664647771884,0.0
2017-10-17 16:54:00,8.0,8.085652534403186,0.0
2017-10-17 16:54:00,8.2,8.059956774082229,0.0
2017-10-17 16:54:00,7.7,8.101969741857559,0.0
2017-10-17 16:54:00,8.0,7.669899029357817,0.0
2017-10-17 16:54:00,7.9,8.07137881930029,0.0
2017-10-17 16:54:00,7.8,8.019965173510204,0.0
2017-10-17 16:54:00,8.1,7.953975621457142,0.0
2017-10-17 16:54:00,7.8,7.997782935019999,0.0
2017-10-17 16:54:00,8.0,7.669899029357817,0.0
2017-10-17 16:54:00,7.6,7.956913638159799,0.0
2017-10-17 16:54:00,7.7,7.956913638159799,0.0
2017-10-17 16:54:00,8.3,7.664250524385329,0.0
2017-10-17 16:54:00,7.6,7.956913638159799,0.0
2017-10-17 16:54:00,7.6,7.64497536706973,0.0
2017-10-17 16:54:00,7.5,7.6314827569488095,0.0
2017-10-17 16:54:00,7.8,7.5920379298641665,0.0
2017-10-17 16:54:00,7.7,7.909839546711859,0.0
2017-10-17 16:54:00,8.0,7.909839546711859,0.0
2017-10-17 16:54:00,7.8,7.9368876826983,0.0
2017-10-17 16:54:00,7.8,7.89582137788881,0.0
2017-10-17 16:54:00,7.9,7.867074964522167,0.0
2017-10-17 16:54:00,7.8,7.876952475165517,0.0
2017-10-17 16:54:00,7.7,7.853866732615861,0.0
2017-10-17 16:54:00,8.0,7.64709858563344,0.0
2017-10-17 16:54:00,7.9,7.897706712831102,0.0
2017-10-17 16:54:00,7.9,7.898394698981771,0.0
2017-10-17 16:54:00,8.1,7.898876289287239,0.0
2017-10-17 16:54:00,8.1,7.959213402501066,0.0
2017-10-17 16:54:00,8.2,8.001449381750746,0.0
2017-10-17 16:54:00,7.7,8.061014567225522,0.0
2017-10-17 16:54:00,7.8,7.662969009943408,0.0
2017-10-17 16:54:00,8.1,7.662969009943408,0.0
2017-10-17 16:54:00,7.8,8.017897137940505,0.0
2017-10-17 16:54:00,7.9,7.662969009943408,0.0
2017-10-17 16:54:00,8.2,7.662969009943408,0.0
2017-10-17 16:54:00,8.0,7.662969009943408,0.0
2017-10-17 16:54:00,8.0,8.011017102819514,0.0
2017-10-17 16:54:00,8.3,7.662969009943408,0.0
2017-10-17 16:54:00,8.1,8.00771197197366,0.0
2017-10-17 16:54:00,8.2,8.035398380381562,0.0
2017-10-17 16:54:00,7.7,8.084778866267092,0.0
2017-10-17 16:54:00,8.0,8.084778866267092,0.0
2017-10-17 16:54:00,8.3,8.059345206386963,0.0
2017-10-17 16:54:00,8.3,7.674078306960386,0.0
2017-10-17 16:54:00,8.0,8.059345206386963,0.0
2017-10-17 16:54:00,8.0,8.041541644470874,0.0
2017-10-17 16:54:00,7.9,8.029079151129611,0.0
2017-10-17 16:54:00,7.9,7.990355405790727,0.0
2017-10-17 16:54:00,8.0,7.963248784053509,0.0
2017-10-17 16:54:00,7.7,7.9742741488374556,0.0
2017-10-17 16:54:00,8.0,7.6818548148722705,0.0
2017-10-17 16:54:00,8.1,7.981991904186218,0.0
2017-10-17 16:54:00,8.0,8.017394332930351,0.0
2017-10-17 16:54:00,7.9,8.012176033051245,0.0
2017-10-17 16:54:00,8.1,7.978523223135872,0.0
2017-10-17 16:54:00,8.0,8.014966256195109,0.0
2017-10-17 16:54:00,7.8,8.010476379336575,0.0
2017-10-17 16:54:00,7.9,7.9473334655356025,0.0
2017-10-17 16:54:00,8.3,8.325712650003979,0.0
2017-10-17 16:54:00,7.9,7.933133425874922,0.0
2017-10-17 16:54:00,7.8,7.923193398112445,0.0
2017-10-17 16:54:00,8.1,7.6818548148722705,0.0
2017-10-17 16:54:00,7.7,7.950364765075097,0.0
2017-10-17 16:54:00,8.0,7.950364765075097,0.0
2017-10-17 16:54:00,8.1,7.965255335552568,0.0
2017-10-17 16:54:00,7.8,8.005678734886796,0.0
2017-10-17 16:54:00,8.2,7.943975114420757,0.0
2017-10-17 16:54:00,7.9,8.02078258009453,0.0
2017-10-17 16:54:00,8.1,7.98454780606617,0.0
2017-10-17 16:54:00,8.3,8.019183464246318,0.0
2017-10-17 16:54:00,8.0,7.6872983704105895,0.0
2017-10-17 16:54:00,8.0,8.013428424972423,0.0
2017-10-17 16:54:00,8.3,8.009399897480696,0.0
2017-10-17 16:54:00,8.1,8.009399897480696,0.0
2017-10-17 16:54:00,7.9,8.036579928236486,0.0
2017-10-17 16:54:00,7.9,7.99560594976554,0.0
2017-10-17 16:54:00,7.9,7.966924164835878,0.0
2017-10-17 16:54:00,8.2,7.946846915385114,0.0
2017-10-17 16:54:00,8.0,8.02279284076958,0.0
2017-10-17 16:54:00,8.3,8.015954988538706,0.0
2017-10-17 16:54:00,7.9,8.015954988538706,0.0
2017-10-17 16:54:00,7.8,7.981168491977094,0.0
2017-10-17 16:54:00,8.1,7.9268179443839655,0.0
2017-10-17 16:54:00,8.2,7.6872983704105895,0.0
2017-10-17 16:54:00,8.0,8.045140792748143,0.0
2017-10-17 16:54:00,7.8,8.031598554923699,0.0
2017-10-17 16:54:00,7.8,7.962118988446589,0.0
2017-10-17 16:54:00,8.1,7.913483291912612,0.0
2017-10-17 16:54:00,7.8,7.969438304338827,0.0
2017-10-17 16:54:00,8.0,7.9186068130371785,0.0
2017-10-17 16:54:00,8.1,7.9430247691260245,0.0
2017-10-17 16:54:00,7.9,7.990117338388217,0.0
2017-10-17 16:54:00,7.7,7.963082136871751,0.0
2017-10-17 16:54:00,8.3,7.963082136871751,0.0
2017-10-17 16:54:00,7.9,7.963082136871751,0.0
2017-10-17 16:54:00,7.9,7.9441574958102255,0.0
2017-10-17 16:54:00,7.9,7.930910247067158,0.0
2017-10-17 16:54:00,7.8,7.92163717294701,0.0
2017-10-17 16:54:00,8.3,7.885146021062907,0.0
2017-10-17 16:54:00,8.0,7.885146021062907,0.0
2017-10-17 16:54:00,7.6,7.9196022147440335,0.0
2017-10-17 16:54:00,8.3,7.9196022147440335,0.0
2017-10-17 16:54:00,7.7,7.9196022147440335,0.0
2017-10-17 16:54:00,8.0,7.9196022147440335,0.0
2017-10-17 16:54:00,7.9,7.943721550320824,0.0
2017-10-17 16:54:00,8.0,7.930605085224577,0.0
2017-10-17 16:54:00,8.1,7.9514235596572025,0.0
2017-10-17 16:54:00,7.6,7.9959964917600415,0.0
2017-10-17 16:54:00,8.3,7.9959964917600415,0.0
2017-10-17 16:54:00,7.9,7.9959964917600415,0.0
2017-10-17 16:54:00,7.8,7.967197544232029,0.0
2017-10-17 16:54:00,7.9,7.917038280962419,0.0
2017-10-17 16:54:00,7.9,7.9119267966736935,0.0
2017-10-17 16:54:00,7.8,7.652250338735582,0.0
2017-10-17 16:54:00,7.6,7.6,0.0
2017-10-17 16:54:00,7.7,7.875844130370109,0.0
2017-10-17 16:54:00,7.6,7.875844130370109,0.0
2017-10-17 16:54:00,7.7,7.875844130370109,0.0
2017-10-17 16:54:00,8.0,7.875844130370109,0.0
2017-10-17 16:54:00,7.9,7.913090891259076,0.0
2017-10-17 16:54:00,8.0,7.909163623881353,0.0
2017-10-17 16:54:00,8.5,7.657245306330413,0.0
2017-10-17 16:54:00,8.0,8.361037598173187,0.0
2017-10-17 16:54:00,8.1,7.657245306330413,0.0
2017-10-17 16:54:00,7.8,7.998843122991303,0.0
2017-10-17 16:54:00,8.0,7.939190186093912,0.0
2017-10-17 16:54:00,7.9,7.957433130265738,0.0
2017-10-17 16:54:00,7.6,7.940203191186016,0.0
2017-10-17 16:54:00,8.1,7.640071714431288,0.0
2017-10-17 16:54:00,7.7,8.361037598173187,0.0
2017-10-17 16:54:00,7.8,7.98814223383021,0.0
2017-10-17 16:54:00,7.9,7.931699563681146,0.0
2017-10-17 16:54:00,7.8,7.922189694576802,0.0
2017-10-17 16:54:00,7.9,7.885532786203761,0.0
2017-10-17 16:54:00,7.8,7.889872950342633,0.0
2017-10-17 16:54:00,7.7,7.658050200101901,0.0
2017-10-17 16:54:00,7.7,7.6706351400713295,0.0
2017-10-17 16:54:00,7.7,7.67944459804993,0.0
2017-10-17 16:54:00,7.6,7.68561121863495,0.0
2017-10-17 16:54:00,7.8,7.862911065239842,0.0
2017-10-17 16:54:00,7.9,7.844037745667889,0.0
2017-10-17 16:54:00,8.0,7.860826421967523,0.0
2017-10-17 16:54:00,8.1,8.361037598173187,0.0
2017-10-17 16:54:00,7.8,7.961804946764085,0.0
2017-10-17 16:54:00,8.1,7.913263462734859,0.0
2017-10-17 16:54:00,8.2,7.9692844239144005,0.0
2017-10-17 16:54:00,8.0,8.038499096740079,0.0
2017-10-17 16:54:00,7.9,8.026949367718055,0.0
2017-10-17 16:54:00,8.1,7.988864557402638,0.0
2017-10-17 16:54:00,8.0,8.022205190181847,0.0
2017-10-17 16:54:00,7.9,7.659927853044465,0.0
2017-10-17 16:54:00,8.1,7.980880543189104,0.0
2017-10-17 16:54:00,7.9,8.016616380232373,0.0
2017-10-17 16:54:00,8.0,7.981631466162661,0.0
2017-10-17 16:54:00,7.7,7.987142026313862,0.0
2017-10-17 16:54:00,8.1,7.987142026313862,0.0
2017-10-17 16:54:00,8.1,8.020999418419702,0.0
2017-10-17 16:54:00,7.9,7.671949497131125,0.0
2017-10-17 16:54:00,8.0,7.671949497131125,0.0
2017-10-17 16:54:00,7.9,7.671949497131125,0.0
2017-10-17 16:54:00,7.6,7.970631960362569,0.0
2017-10-17 16:54:00,7.9,7.970631960362569,0.0
2017-10-17 16:54:00,7.7,7.949442372253798,0.0
2017-10-17 16:54:00,7.8,7.949442372253798,0.0
2017-10-17 16:54:00,8.0,7.904609660577658,0.0
2017-10-17 16:54:00,7.9,7.9332267624043595,0.0
2017-10-17 16:54:00,7.8,7.923258733683052,0.0
2017-10-17 16:54:00,8.0,7.886281113578136,0.0
2017-10-17 16:54:00,8.2,7.920396779504694,0.0
2017-10-17 16:54:00,8.1,8.004277745653285,0.0
2017-10-17 16:54:00,8.2,8.032994421957298,0.0
2017-10-17 16:54:00,8.0,8.083096095370108,0.0
2017-10-17 16:54:00,7.6,8.058167266759074,0.0
2017-10-17 16:54:00,8.4,8.058167266759074,0.0
2017-10-17 16:54:00,8.2,8.058167266759074,0.0
2017-10-17 16:54:00,8.1,7.645678677515976,0.0
2017-10-17 16:54:00,8.6,8.100501960711945,0.0
2017-10-17 16:54:00,7.9,8.100501960711945,0.0
2017-10-17 16:54:00,8.1,8.04035137249836,0.0
2017-10-17 16:54:00,8.4,8.058245960748852,0.0
2017-10-17 16:54:00,8.3,8.058245960748852,0.0
2017-10-17 16:54:00,8.3,7.645678677515976,0.0
2017-10-17 16:54:00,8.1,8.058245960748852,0.0
2017-10-17 16:54:00,7.8,8.070772172524196,0.0
2017-10-17 16:54:00,8.2,7.989540520766936,0.0
2017-10-17 16:54:00,8.0,8.052678364536854,0.0
2017-10-17 16:54:00,8.4,8.036874855175798,0.0
2017-10-17 16:54:00,8.4,8.036874855175798,0.0
2017-10-17 16:54:00,8.1,8.036874855175798,0.0
2017-10-17 16:54:00,8.0,8.055812398623058,0.0
2017-10-17 16:54:00,7.8,8.03906867903614,0.0
2017-10-17 16:54:00,8.1,7.967348075325297,0.0
2017-10-17 16:54:00,8.3,8.007143652727708,0.0
2017-10-17 16:54:00,8.3,7.645678677515976,0.0
2017-10-17 16:54:00,8.1,8.340123884548904,0.0
2017-10-17 16:54:00,8.3,8.035000556909395,0.0
2017-10-17 16:54:00,8.6,8.035000556909395,0.0
2017-10-17 16:54:00,8.0,8.035000556909395,0.0
2017-10-17 16:54:00,8.1,8.024500389836577,0.0
2017-10-17 16:54:00,8.0,8.047150272885602,0.0
2017-10-17 16:54:00,7.9,8.409660703428962,0.0
2017-10-17 16:54:00,8.5,7.993103633713944,0.0
2017-10-17 16:54:00,8.1,8.436762492400273,0.0
2017-10-17 16:54:00,8.4,8.02517254359976,0.0
2017-10-17 16:54:00,8.3,8.02517254359976,0.0
2017-10-17 16:54:00,7.9,8.02517254359976,0.0
2017-10-17 16:54:00,8.1,7.987620780519832,0.0
2017-10-17 16:54:00,7.9,8.388013621276134,0.0
2017-10-17 16:54:00,7.9,8.388013621276134,0.0
2017-10-17 16:54:00,7.8,7.959453927718302,0.0
2017-10-17 16:54:00,8.0,7.911617749402811,0.0
2017-10-17 16:54:00,7.7,7.938132424581967,0.0
2017-10-17 16:54:00,7.6,7.938132424581967,0.0
2017-10-17 16:54:00,8.0,7.938132424581967,0.0
2017-10-17 16:54:00,8.4,8.388013621276134,0.0
2017-10-17 16:54:00,8.3,7.956692697207377,0.0
2017-10-17 16:54:00,7.9,8.364126674425304,0.0
2017-10-17 16:54:00,8.3,8.364126674425304,0.0
2017-10-17 16:54:00,8.1,7.939684888045163,0.0
2017-10-17 16:54:00,8.7,7.987779421631614,0.0
2017-10-17 16:54:00,8.2,7.987779421631614,0.0
2017-10-17 16:54:00,7.9,8.051445595142129,0.0
2017-10-17 16:54:00,8.1,8.344888672097714,0.0
2017-10-17 16:54:00,7.8,8.034208341619642,0.0
2017-10-17 16:54:00,8.2,8.344888672097714,0.0
2017-10-17 16:54:00,7.9,8.344888672097714,0.0
2017-10-17 16:54:00,7.8,7.994333461175536,0.0
2017-10-17 16:54:00,8.2,7.936033422822875,0.0
2017-10-17 16:54:00,8.3,8.015223395976012,0.0
2017-10-17 16:54:00,8.8,8.015223395976012,0.0
2017-10-17 16:54:00,8.3,8.015223395976012,0.0
2017-10-17 16:54:00,8.3,8.015223395976012,0.0
2017-10-17 16:54:00,8.4,7.6433825519828265,0.0
2017-10-17 16:54:00,8.2,7.6433825519828265,0.0
2017-10-17 16:54:00,8.1,8.070656377183207,0.0
2017-10-17 16:54:00,7.7,8.34077777017066,0.0
2017-10-17 16:54:00,8.5,8.34077777017066,0.0
2017-10-17 16:54:00,8.6,8.079459464028243,0.0
2017-10-17 16:54:00,8.1,8.451981107383622,0.0
2017-10-17 16:54:00,8.6,8.085621624819769,0.0
2017-10-17 16:54:00,8.7,8.085621624819769,0.0
2017-10-17 16:54:00,8.3,8.085621624819769,0.0
2017-10-17 16:54:00,8.6,8.085621624819769,0.0
2017-10-17 16:54:00,8.3,8.085621624819769,0.0
2017-10-17 16:54:00,8.2,8.085621624819769,0.0
2017-10-17 16:54:00,8.6,8.119935137373837,0.0
2017-10-17 16:54:00,8.5,8.119935137373837,0.0
2017-10-17 16:54:00,8.2,8.119935137373837,0.0
2017-10-17 16:54:00,8.5,8.143954596161684,0.0
2017-10-17 16:54:00,8.4,8.490813707711801,0.0
2017-10-17 16:54:00,8.1,8.143954596161684,0.0
2017-10-17 16:54:00,8.4,8.46356959539826,0.0
2017-10-17 16:54:00,8.4,8.444498716778781,0.0
2017-10-17 16:54:00,8.5,8.431149101745147,0.0
2017-10-17 16:54:00,8.5,8.130768217313179,0.0
2017-10-17 16:54:00,8.5,8.130768217313179,0.0
2017-10-17 16:54:00,8.5,7.660367786387978,0.0
2017-10-17 16:54:00,8.3,8.483468899329008,0.0
2017-10-17 16:54:00,8.4,8.428428229530304,0.0
2017-10-17 16:54:00,8.6,8.130768217313179,0.0
2017-10-17 16:54:00,7.9,8.473929832469848,0.0
2017-10-17 16:54:00,8.1,8.473929832469848,0.0
2017-10-17 16:54:00,8.4,8.473929832469848,0.0
2017-10-17 16:54:00,8.4,8.451750882728893,0.0
2017-10-17 16:54:00,8.6,8.436225617910225,0.0
2017-10-17 16:54:00,8.9,8.073076426483457,0.0
2017-10-17 16:54:00,8.4,8.485357932537157,0.0
2017-10-17 16:54:00,8.4,8.45975055277601,0.0
2017-10-17 16:54:00,8.7,8.073076426483457,0.0
2017-10-17 16:54:00,8.6,8.441825386943206,0.0
2017-10-17 16:54:00,8.8,8.073076426483457,0.0
2017-10-17 16:54:00,8.5,8.073076426483457,0.0
2017-10-17 16:54:00,8.4,8.492494439602169,0.0
2017-10-17 16:54:00,8.3,8.464746107721517,0.0
2017-10-17 16:54:00,8.7,8.415322275405062,0.0
2017-10-17 16:54:00,8.7,8.415322275405062,0.0
2017-10-17 16:54:00,9.0,8.415322275405062,0.0
2017-10-17 16:54:00,8.2,8.415322275405062,0.0
2017-10-17 16:54:00,8.7,8.415322275405062,0.0
2017-10-17 16:54:00,8.8,8.415322275405062,0.0
2017-10-17 16:54:00,8.4,8.415322275405062,0.0
2017-10-17 16:54:00,8.6,8.11115349853842,0.0
2017-10-17 16:54:00,8.2,8.467507914948479,0.0
2017-10-17 16:54:00,8.5,8.467507914948479,0.0
2017-10-17 16:54:00,9.0,8.477255540463934,0.0
2017-10-17 16:54:00,8.0,8.477255540463934,0.0
2017-10-17 16:54:00,8.3,8.477255540463934,0.0
2017-10-17 16:54:00,8.4,8.096465214283825,0.0
2017-10-17 16:54:00,8.2,8.416855214827327,0.0
2017-10-17 16:54:00,8.8,8.416855214827327,0.0
2017-10-17 16:54:00,8.4,8.416855214827327,0.0
2017-10-17 16:54:00,8.3,8.41179865037913,0.0
2017-10-17 16:54:00,8.2,8.37825905526539,0.0
2017-10-17 16:54:00,8.1,8.37825905526539,0.0
2017-10-17 16:54:00,8.6,8.37825905526539,0.0
2017-10-17 16:54:00,8.6,8.444781338685772,0.0
2017-10-17 16:54:00,8.8,8.49134693708004,0.0
2017-10-17 16:54:00,8.2,8.49134693708004,0.0
2017-10-17 16:54:00,8.1,8.154141297949543,0.0
2017-10-17 16:54:00,8.7,8.49134693708004,0.0
2017-10-17 16:54:00,8.2,8.49134693708004,0.0
2017-10-17 16:54:00,8.5,8.49134693708004,0.0
2017-10-17 16:54:00,8.4,8.493942855956028,0.0
2017-10-17 16:54:00,8.4,8.156529235995274,0.0
2017-10-17 16:54:00,8.4,8.446031999418453,0.0
2017-10-17 16:54:00,8.4,8.787799813188586,0.0
2017-10-17 16:54:00,8.3,8.156529235995274,0.0
2017-10-17 16:54:00,8.0,8.385788975800528,0.0
2017-10-17 16:54:00,8.2,8.385788975800528,0.0
2017-10-17 16:54:00,8.5,8.136699325637684,0.0
2017-10-17 16:54:00,8.3,8.420052283060368,0.0
2017-10-17 16:54:00,8.3,8.384036598142258,0.0
2017-10-17 16:54:00,8.1,8.35882561869958,0.0
2017-10-17 16:54:00,8.1,8.125689527946378,0.0
2017-10-17 16:54:00,10.0,8.117982669562464,0.15
2017-10-17 16:54:00,8.6,8.35882561869958,0.0
2017-10-17 16:54:00,8.2,8.431177933089705,0.0
2017-10-17 16:54:00,8.6,8.787799813188586,0.0
2017-10-17 16:54:00,8.6,8.142587868693724,0.0
2017-10-17 16:54:00,8.7,8.517277187213955,0.025
2017-10-17 16:54:00,8.5,8.517277187213955,0.025
2017-10-17 16:54:00,8.4,8.512094031049767,0.025
2017-10-17 16:54:00,7.8,8.478465821734837,0.025
2017-10-17 16:54:00,8.0,8.478465821734837,0.025
2017-10-17 16:54:00,8.4,8.478465821734837,0.025
2017-10-17 16:54:00,8.8,8.027868055659924,0.025
2017-10-17 16:54:00,9.2,8.454926075214384,0.075
2017-10-17 16:54:00,9.0,8.454926075214384,0.075
2017-10-17 16:54:00,8.9,8.841115335923684,0.075
2017-10-17 16:54:00,9.3,8.858780735146578,0.075
2017-10-17 16:54:00,9.2,9.23,0.075
2017-10-17 16:54:00,9.4,9.221,0.075
2017-10-17 16:54:00,9.1,9.2747,0.075
2017-10-17 16:54:00,8.9,9.22229,0.075
2017-10-17 16:54:00,9.2,8.871146514602604,0.075
2017-10-17 16:54:00,8.9,9.215602999999998,0.075
2017-10-17 16:54:00,9.2,8.879802560221822,0.075
2017-10-17 16:54:00,9.0,9.210922099999998,0.075
2017-10-17 16:54:00,8.9,8.915861792155274,0.075
2017-10-17 16:54:00,9.0,8.911103254508692,0.075
2017-10-17 16:54:00,9.0,8.937772278156084,0.05
2017-10-17 16:54:00,9.4,8.956440594709258,0.05
2017-10-17 16:54:00,8.8,9.267645469999998,0.05
2017-10-17 16:54:00,8.8,8.90950841629648,0.05
2017-10-17 16:54:00,9.0,8.876655891407536,0.05
2017-10-17 16:54:00,9.3,8.913659123985274,0.05
2017-10-17 16:54:00,9.1,9.277351828999997,0.05
2017-10-17 16:54:00,9.2,9.224146280299998,0.0
2017-10-17 16:54:00,9.5,9.216902396209997,0.025
2017-10-17 16:54:00,9.4,8.913659123985274,0.025
2017-10-17 16:54:00,9.5,9.271831677346997,0.025
2017-10-17 16:54:00,10.0,9.5,0.05
2017-10-17 16:54:00,9.6,10.0,0.05
2017-10-17 16:54:00,9.8,9.53,0.05
2017-10-17 16:54:00,9.6,9.94,0.05
2017-10-17 16:54:00,10.1,9.550999999999998,0.05
2017-10-17 16:54:00,9.5,9.988,0.05
2017-10-17 16:54:00,9.6,9.535699999999999,0.05
2017-10-17 16:54:00,9.2,9.554989999999998,0.05
2017-10-17 16:54:00,9.5,9.250282174142896,0.05
2017-10-17 16:54:00,9.5,9.538492999999999,0.05
2017-10-17 16:54:00,9.4,9.526945099999999,0.05
2017-10-17 16:54:00,9.5,9.295197521900027,0.05
2017-10-17 16:54:00,9.1,9.518861569999999,0.05
2017-10-17 16:54:00,9.2,9.236638265330019,0.025
2017-10-17 16:54:00,9.5,9.225646785731012,0.025
2017-10-17 16:54:00,9.4,9.513203098999998,0.025
2017-10-17 16:54:00,9.4,9.277952750011709,0.0
2017-10-17 16:54:00,9.2,9.314566925008195,0.0
2017-10-17 16:54:00,9.5,9.280196847505735,0.0
2017-10-17 16:54:00,9.3,9.509242169299998,0.0
2017-10-17 16:54:00,9.1,9.286137793254014,0.0
2017-10-17 16:54:00,9.6,9.23029645527781,0.0
2017-10-17 16:54:00,9.3,9.53646951851,0.0
2017-10-17 16:54:00,9.8,9.251207518694466,0.0
2017-10-17 16:54:00,9.0,9.9316,0.0
2017-10-17 16:54:00,9.2,8.939561386789691,0.0
2017-10-17 16:54:00,9.5,9.235845263086127,0.0
2017-10-17 16:54:00,9.4,9.525528662956999,0.0
2017-10-17 16:54:00,9.8,9.285091684160289,0.0
2017-10-17 16:54:00,9.4,9.892119999999998,0.0
2017-10-17 16:54:00,9.2,9.319564178912202,0.0
2017-10-17 16:54:00,9.3,9.28369492523854,0.0
2017-10-17 16:54:00,8.9,9.288586447666978,0.0
2017-10-17 16:54:00,9.3,8.927692970752783,0.0
2017-10-17 16:54:00,9.5,9.292010513366884,0.0
2017-10-17 16:54:00,9.0,9.5178700640699,0.0
2017-10-17 16:54:00,9.5,8.949385079526948,0.0
2017-10-17 16:54:00,9.1,9.51250904484893,0.0
2017-10-17 16:54:00,9.1,9.234407359356819,0.0
2017-10-17 16:54:00,9.1,9.194085151549773,0.0
2017-10-17 16:54:00,9.2,9.16585960608484,0.0
2017-10-17 16:54:00,9.7,9.176101724259388,0.0
2017-10-17 16:54:00,8.9,9.56875633139425,0.0
2017-10-17 16:54:00,9.5,8.934569555668864,0.0
2017-10-17 16:54:00,9.2,9.548129431975974,0.0
2017-10-17 16:54:00,9.3,9.183271206981571,0.0
2017-10-17 16:54:00,9.5,9.2182898448871,0.0
2017-10-17 16:54:00,9.5,9.533690602383182,0.0
2017-10-17 16:54:00,9.4,9.523583421668226,0.0
2017-10-17 16:54:00,9.5,9.27280289142097,0.0
2017-10-17 16:54:00,9.6,9.27280289142097,0.0
2017-10-17 16:54:00,9.2,9.54155587661743,0.0
2017-10-17 16:54:00,9.2,9.54155587661743,0.0
2017-10-17 16:54:00,9.2,9.235673416796274,0.0
2017-10-17 16:54:00,9.5,9.224971391757391,0.0
2017-10-17 16:54:00,9.2,9.529089113632201,0.0
2017-10-17 16:54:00,8.9,9.217479974230173,0.0
2017-10-17 16:54:00,9.1,8.924198688968204,0.0
2017-10-17 16:54:00,9.1,9.18223598196112,0.0
2017-10-17 16:54:00,8.6,9.157565187372784,0.0
2017-10-17 16:54:00,8.9,8.498448252650068,0.0
2017-10-17 16:54:00,9.0,8.916939082277743,0.0
2017-10-17 16:54:00,9.0,8.941857357594419,0.0
2017-10-17 16:54:00,9.0,8.959300150316093,0.0
2017-10-17 16:54:00,8.9,8.971510105221265,0.0
2017-10-17 16:54:00,9.3,8.950057073654886,0.0
2017-10-17 16:54:00,9.0,9.200295631160948,0.0
2017-10-17 16:54:00,8.6,8.965039951558419,0.0
2017-10-17 16:54:00,9.4,8.528913776855047,0.0
2017-10-17 16:54:00,9.1,8.965039951558419,0.0
2017-10-17 16:54:00,9.3,9.212144859268864,0.0
2017-10-17 16:54:00,8.9,9.238501401488204,0.0
2017-10-17 16:54:00,8.7,9.238501401488204,0.0
2017-10-17 16:54:00,9.6,9.238501401488204,0.0
2017-10-17 16:54:00,10.1,8.871869576263624,0.0
2017-10-17 16:54:00,9.0,8.871869576263624,0.0
2017-10-17 16:54:00,8.7,8.910308703384535,0.0
2017-10-17 16:54:00,9.0,8.847216092369175,0.0
2017-10-17 16:54:00,9.3,8.893051264658421,0.0
2017-10-17 16:54:00,8.6,9.256950981041744,0.0
2017-10-17 16:54:00,8.9,8.893051264658421,0.0
2017-10-17 16:54:00,8.9,8.895135885260895,0.0
2017-10-17 16:54:00,9.0,8.896595119682626,0.0
2017-10-17 16:54:00,8.8,8.927616583777837,0.0
2017-10-17 16:54:00,9.1,8.889331608644486,0.0
2017-10-17 16:54:00,9.2,9.20986568672922,0.0
2017-10-17 16:54:00,9.1,9.206905980710452,0.0
2017-10-17 16:54:00,9.3,9.174834186497316,0.0
2017-10-17 16:54:00,9.5,9.212383930548121,0.0
2017-10-17 16:54:00,9.5,9.212383930548121,0.0
2017-10-17 16:54:00,9.6,9.524677565975844,0.0
2017-10-17 16:54:00,9.3,9.54727429618309,0.0
2017-10-17 16:54:00,9.4,9.238668751383685,0.0
2017-10-17 16:54:00,9.5,9.5,0.0
2017-10-17 16:54:00,8.8,9.28706812596858,0.0
2017-10-17 16:54:00,9.2,9.28706812596858,0.0
2017-10-17 16:54:00,9.2,8.862532126051141,0.0
2017-10-17 16:54:00,8.7,8.862532126051141,0.0
2017-10-17 16:54:00,9.0,8.813772488235799,0.0
2017-10-17 16:54:00,9.3,8.869640741765059,0.0
2017-10-17 16:54:00,9.0,8.869640741765059,0.0
2017-10-17 16:54:00,9.1,8.908748519235541,0.0
2017-10-17 16:54:00,9.0,9.211905057045055,0.0
2017-10-17 16:54:00,9.7,9.211905057045055,0.0
2017-10-17 16:54:00,9.1,8.550239643798532,0.0
2017-10-17 16:54:00,9.0,8.550239643798532,0.0
2017-10-17 16:54:00,9.1,9.1,0.0
2017-10-17 16:54:00,9.2,8.955286774425414,0.0
2017-10-17 16:54:00,9.4,9.583164405129713,0.0
2017-10-17 16:54:00,8.8,8.027868055659924,0.0
2017-10-17 16:54:00,9.1,8.550239643798532,0.0
2017-10-17 16:54:00,8.9,8.9,0.0
2017-10-17 16:54:00,8.9,9.196507882937562,0.0
2017-10-17 16:54:00,8.9,8.550239643798532,0.0
2017-10-17 16:54:00,9.1,8.027868055659924,0.0
2017-10-17 16:54:00,9.1,8.90298435453954,0.0
2017-10-17 16:54:00,8.9,9.147288862639405,0.0
2017-10-17 16:54:00,9.1,8.550239643798532,0.0
2017-10-17 16:54:00,9.0,8.027868055659924,0.0
2017-10-17 16:54:00,9.1,8.550239643798532,0.0
2017-10-17 16:54:00,9.3,8.550239643798532,0.0
2017-10-17 16:54:00,8.8,8.931462333724374,0.0
2017-10-17 16:54:00,9.1,8.550239643798532,0.0
2017-10-17 16:54:00,9.5,8.892023633607062,0.0
2017-10-17 16:54:00,9.6,8.027868055659924,0.0
2017-10-17 16:54:00,9.4,8.027868055659924,0.0
2017-10-17 16:54:00,9.3,8.892023633607062,0.0
2017-10-17 16:54:00,8.9,8.9,0.0
2017-10-17 16:54:00,9.5,9.249143487400662,0.0
2017-10-17 16:54:00,9.4,9.249143487400662,0.0
2017-10-17 16:54:00,9.6,9.549525390959491,0.0
2017-10-17 16:54:00,9.3,9.3,0.0
2017-10-17 16:54:00,9.3,9.3,0.0
2017-10-17 16:55:00,9.5,8.894416543524944,0.0
2017-10-17 16:55:00,9.3,9.297256216178425,0.0
2017-10-17 16:55:00,9.5,9.5,0.0
2017-10-17 16:55:00,9.2,9.2,0.0
2017-10-17 16:55:00,8.9,8.894416543524944,0.0
2017-10-17 16:55:00,9.3,9.268655545927427,0.0
2017-10-17 16:55:00,9.1,9.1,0.0
2017-10-17 16:55:00,9.1,9.1,0.0
2017-10-17 16:55:00,8.9,8.89609158046746,0.0
2017-10-17 16:55:00,8.8,9.187248852253108,0.0
2017-10-17 16:55:00,9.5,8.868084874429055,0.0
2017-10-17 16:55:00,9.1,8.550239643798532,0.0
2017-10-17 16:55:00,9.2,9.522181046369372,0.0
2017-10-17 16:55:00,9.3,9.172751937604023,0.0
2017-10-17 16:55:00,8.9,9.210926356322815,0.0
2017-10-17 16:55:00,9.2,8.87765941210034,0.0
2017-10-17 16:55:00,9.0,9.0,0.0
2017-10-17 16:55:00,9.3,9.207648449425971,0.0
2017-10-17 16:55:00,9.0,9.235353914598178,0.0
2017-10-17 16:55:00,8.7,8.7,0.0
2017-10-17 16:55:00,8.7,9.235353914598178,0.0
2017-10-17 16:55:00,9.5,9.522181046369372,0.0
2017-10-17 16:55:00,9.1,8.81762602484529,0.0
2017-10-17 16:55:00,9.1,9.1,0.0
2017-10-17 16:55:00,9.2,9.166323418153107,0.0
2017-10-17 16:55:00,9.0,8.81762602484529,0.0
2017-10-17 16:55:00,8.7,8.872338217391702,0.0
2017-10-17 16:55:00,9.0,9.176426392707175,0.0
2017-10-17 16:55:00,9.1,9.1,0.0
2017-10-17 16:55:00,9.2,8.874445726521934,0.0
2017-10-17 16:55:00,9.9,8.874445726521934,0.0
2017-10-17 16:55:00,8.9,8.9,0.0
2017-10-17 16:55:00,9.1,9.167448932426515,0.0
2017-10-17 16:55:00,9.0,9.14721425269856,0.0
2017-10-17 16:55:00,9.0,9.0,0.0
2017-10-17 16:55:00,9.5,8.942234884197022,0.0
2017-10-17 16:55:00,9.4,9.14721425269856,0.0
2017-10-17 16:55:00,9.5,8.942234884197022,0.0
2017-10-17 16:55:00,9.0,9.223049976888992,0.0
2017-10-17 16:55:00,9.0,8.959564418937916,0.0
2017-10-17 16:55:00,9.6,8.97169509325654,0.0
2017-10-17 16:55:00,8.9,8.97169509325654,0.0
2017-10-17 16:55:00,8.7,9.223049976888992,0.0
2017-10-17 16:55:00,9.0,9.0,0.0
2017-10-17 16:55:00,8.5,9.223049976888992,0.0
2017-10-17 16:55:00,9.2,9.223049976888992,0.0
2017-10-17 16:55:00,9.0,8.912591416986993,0.0
2017-10-17 16:55:00,8.9,8.938813991890894,0.0
2017-10-17 16:55:00,9.1,8.927169794323625,0.0
2017-10-17 16:55:00,8.8,9.181294488675604,0.0
2017-10-17 16:55:00,9.2,9.181294488675604,0.0
2017-10-17 16:55:00,8.9,8.889018856026537,0.0
2017-10-17 16:55:00,9.0,8.892313199218576,0.0
2017-10-17 16:55:00,8.6,9.186906142072923,0.0
2017-10-17 16:55:00,9.2,8.924619239453003,0.0
2017-10-17 16:55:00,9.2,8.924619239453003,0.0
2017-10-17 16:55:00,9.2,9.535325669233284,0.0
2017-10-17 16:55:00,9.2,9.19550880673101,0.0
2017-10-17 16:55:00,9.3,9.196856164711706,0.0
2017-10-17 16:55:00,9.1,8.924619239453003,0.0
2017-10-17 16:55:00,8.8,8.924619239453003,0.0
2017-10-17 16:55:00,8.8,9.189459520708736,0.0
2017-10-17 16:55:00,8.8,8.861063427331972,0.0
2017-10-17 16:55:00,9.0,8.84274439913238,0.0
2017-10-17 16:55:00,9.1,8.889921079392666,0.0
2017-10-17 16:55:00,9.1,8.554617425461279,0.0
2017-10-17 16:55:00,8.5,9.14383516514728,0.0
2017-10-17 16:55:00,8.8,9.14383516514728,0.0
2017-10-17 16:55:00,8.7,8.862944755574865,0.0
2017-10-17 16:55:00,9.0,9.14383516514728,0.0
2017-10-17 16:55:00,8.8,8.869842930231682,0.0
2017-10-17 16:55:00,8.8,9.14383516514728,0.0
2017-10-17 16:55:00,8.9,8.834223035813524,0.0
2017-10-17 16:55:00,8.9,8.853956125069466,0.0
2017-10-17 16:55:00,9.0,8.867769287548626,0.0
2017-10-17 16:55:00,8.9,9.14383516514728,0.0
2017-10-17 16:55:00,9.6,9.14383516514728,0.0
2017-10-17 16:55:00,9.4,9.14383516514728,0.0
2017-10-17 16:55:00,8.8,9.220684615603096,0.0
2017-10-17 16:55:00,8.9,9.220684615603096,0.0
2017-10-17 16:55:00,9.4,9.220684615603096,0.0
2017-10-17 16:55:00,9.6,8.881551405940424,0.0
2017-10-17 16:55:00,9.5,8.881551405940424,0.0
2017-10-17 16:55:00,9.3,8.881551405940424,0.0
2017-10-17 16:55:00,9.7,8.881551405940424,0.0
2017-10-17 16:55:00,9.6,9.282135461645517,0.0
2017-10-17 16:55:00,9.6,9.282135461645517,0.0
2017-10-17 16:55:00,9.3,8.538232197822895,0.0
2017-10-17 16:55:00,9.0,8.881551405940424,0.0
2017-10-17 16:55:00,8.6,8.917085984158296,0.0
2017-10-17 16:55:00,9.0,8.917085984158296,0.0
2017-10-17 16:55:00,9.0,8.941960188910807,0.0
2017-10-17 16:55:00,9.1,8.959372132237565,0.0
2017-10-17 16:55:00,8.9,9.231246376206302,0.0
2017-10-17 16:55:00,8.8,8.941560492566296,0.0
2017-10-17 16:55:00,8.9,8.899092344796408,0.0
2017-10-17 16:55:00,8.4,8.899364641357485,0.0
2017-10-17 16:55:00,8.8,9.596801129659625,0.0
2017-10-17 16:55:00,9.0,9.231246376206302,0.0
2017-10-17 16:55:00,8.6,8.908688674265166,0.0
2017-10-17 16:55:00,8.8,8.908688674265166,0.0
2017-10-17 16:55:00,8.9,9.231246376206302,0.0
